<?xml version="1.0" encoding="UTF-8"?>
<project-private xmlns="http://www.netbeans.org/ns/project-private/1">
    <editor-bookmarks xmlns="http://www.netbeans.org/ns/editor-bookmarks/2" lastBookmarkId="0"/>
    <open-files xmlns="http://www.netbeans.org/ns/projectui-open-files/2">
        <group>
            <file>file:/D:/Project/HTML/CHUNGKHOANG/source/source/index.html</file>
            <file>file:/D:/Project/HTML/CHUNGKHOANG/source/source/index3.html</file>
            <file>file:/D:/Project/HTML/CHUNGKHOANG/source/source/index2.html</file>
            <file>file:/D:/Project/HTML/CHUNGKHOANG/source/source/css/style.css</file>
        </group>
    </open-files>
</project-private>
